Alan,Hanke,AHanke
Marie,LeFleur,MLeFleur
Jamie,Roma,JRoma
Richard,Xavier,RXavier
Rachel,Xieng,RXieng
Paul,Alexander,PAlexander
Melinda,Hixon,MHixon
Wendy,Binder,WBinder
Thomas,Harden,THarden
Constance,Beignet,CBeignet
Cecilia,Thompson,CThompson
Vincent,Disalvo,VDisalvo
Penny,Dodd,PDodd
Penny,Dodd,PDodd
Barry,Zubler,BZubler
Margarito,Fletcher,MFletcher
Vicki,Webb,VWebb
Anita,Xie,AXie
Christina,Spear,CSpear
Pamela,Allen,PAllen
Mark,Sinclair,MSinclair
John,Neidler,JNeidler
David,Schwab,DSchwab
Karen,Morrow,KMorrow
Leonard,Leibowitz,LLeibowitz
Carlos,Mendez,CMendez
Walter,Chen,WChen
Teresa,Stewart,TStewart
Juanita,LaSalle,JLaSalle
Kekunda,Grey,KGrey
Pantoja,Martina,PMartina
Vijay,Patel,VPatel
William,Freund,WFreund
Susan,Carter,SCarter
Edward,Michaels,EMichaels
Jonathon,Jasper,JJasper
Sy,Truman,STruman
Tina,Mann,TMann
Okekula,M’buta,OM’buta
Debbie,Sims,DSims
Julio,Rodriguez,JRodriguez
Tsung,Ye,TYe
Osugi,Tokumata,OTokumata
Susan,Lampe,SLampe
Robert,James,RJames
Sonny,Warren,SWarren
Wanita,Jeromel,WJeromel
Matt,St. Hubin,MSt. Hubin
Michael,Roberts,MRoberts
Thomas ,Wilson,TWilson
Harold,Fry,HFry
Lewis,Mableton,LMableton
Ryan,Meinke,RMeinke
Alec,Coder,ACoder
Martin,Roberts,MRoberts
David,Maria,DMaria
Peter,Steffey,PSteffey
Peyton,Duncan,PDuncan
Rachel,Xieng,RXieng
Gary,Fischer,GFischer
Anton,Zgambo,AZgambo
Gary,Fischer,GFischer
Eddie,Dias,EDias
Shelly,Reece,SReece
Maurice,Wilkins,MWilkins
Jvjay,Patel,JPatel
Juanita,Vasquez,JVasquez
Kathy,Vasser,KVasser
Mark,Grisham,MGrisham
Mannie,Zurita,MZurita
Samuel,Prout,SProut
Jeffrey,Kruse,JKruse
Donna,Massey,DMassey
Jesse,Eckerd,JEckerd
Susan,Lee,SLee
Angela,Fowler,AFowler
Ron,Rocca,RRocca
Ken,Miller,KMiller
,,
,,
,,
,,
,,
,,
,,
,,
,,
,,
,,
,,
,,
,,
,,
,,
,,
,,
,,
,,
,,
,,
,,
,,
,,
,,
,,
,,
,,
,,
,,
,,
,,
,,
,,
,,
,,
,,
,,
,,
,,
,,
,,
,,
,,
,,
,,
,,
,,
